id,alpha_1,alpha_2,alpha_3,alpha_4
,0.3077484163950406,0.19423043756302547,0.1473364481415417,0.19513932234626558
