id,alpha_1,alpha_2,alpha_3,alpha_4
,0.3077484166139789,0.19423043872920984,0.14733644801765503,0.19513932265929862
