id,alpha_1,alpha_2,alpha_3,alpha_4
,0.3077484166846652,0.1942304376845378,0.14733644808129534,0.1951393225665642
