id,alpha_1,alpha_2,alpha_3,alpha_4
,0.30774841755570015,0.19423043783463598,0.1473364483107315,0.1951393232569745
