id,alpha_1,alpha_2,alpha_3,alpha_4
,0.30774841664857516,0.19423043769019435,0.1473364480435978,0.19513932257433103
